{"parameters/fc1.weight": {"_type": "histogram", "values": [2.0, 1.0, 5.0, 1.0, 1.0, 0.0, 0.0, 0.0, 0.0, 0.0, 0.0, 0.0, 0.0, 0.0, 0.0, 0.0, 0.0, 0.0, 0.0, 0.0, 0.0, 0.0, 0.0, 0.0, 0.0, 0.0, 0.0, 2.0, 2.0, 5.0, 1.0, 0.0, 0.0, 0.0, 0.0, 0.0, 0.0, 0.0, 1.0, 3.0, 10.0, 13.0, 16.0, 17.0, 12.0, 5.0, 9.0, 7.0, 2.0, 3.0, 8.0, 7.0, 9.0, 12.0, 10.0, 8.0, 5.0, 2.0, 3.0, 0.0, 0.0, 0.0, 5.0, 5.0], "bins": [-5.6598615646362305, -5.527711391448975, -5.395561695098877, -5.263411521911621, -5.131261348724365, -4.999111652374268, -4.866961479187012, -4.734811305999756, -4.6026611328125, -4.470511436462402, -4.3383612632751465, -4.206211090087891, -4.074061393737793, -3.941911220550537, -3.8097612857818604, -3.6776111125946045, -3.5454611778259277, -3.413311243057251, -3.281161069869995, -3.1490111351013184, -3.0168609619140625, -2.8847110271453857, -2.752561092376709, -2.620410919189453, -2.4882609844207764, -2.3561110496520996, -2.2239608764648438, -2.091810941696167, -1.9596608877182007, -1.8275108337402344, -1.6953608989715576, -1.5632108449935913, -1.4310603141784668, -1.2989102602005005, -1.1667602062225342, -1.0346102714538574, -0.9024602174758911, -0.7703101634979248, -0.6381601691246033, -0.5060101747512817, -0.37386012077331543, -0.2417100965976715, -0.10956007242202759, 0.022589951753616333, 0.15473997592926025, 0.2868900001049042, 0.4190400242805481, 0.5511900186538696, 0.6833400726318359, 0.8154901266098022, 0.9476401209831238, 1.0797901153564453, 1.2119401693344116, 1.344090223312378, 1.4762401580810547, 1.608390212059021, 1.7405402660369873, 1.8726903200149536, 2.00484037399292, 2.1369903087615967, 2.2691402435302734, 2.4012904167175293, 2.533440351486206, 2.665590524673462, 2.7977404594421387]}, "_timestamp": 1714586592.7825656, "parameters/fc1.bias": {"_type": "histogram", "values": [1.0, 0.0, 0.0, 0.0, 1.0, 0.0, 0.0, 0.0, 0.0, 0.0, 0.0, 0.0, 0.0, 0.0, 0.0, 0.0, 0.0, 0.0, 0.0, 0.0, 0.0, 0.0, 0.0, 0.0, 0.0, 0.0, 0.0, 0.0, 0.0, 0.0, 0.0, 0.0, 0.0, 0.0, 0.0, 0.0, 0.0, 0.0, 0.0, 0.0, 0.0, 0.0, 0.0, 0.0, 0.0, 0.0, 0.0, 0.0, 0.0, 0.0, 0.0, 0.0, 0.0, 0.0, 0.0, 1.0, 0.0, 3.0, 2.0, 0.0, 1.0, 0.0, 1.0, 2.0], "bins": [-0.0570010282099247, 0.005617830902338028, 0.06823669373989105, 0.13085554540157318, 0.1934744119644165, 0.25609326362609863, 0.31871211528778076, 0.3813309967517853, 0.4439498484134674, 0.5065687298774719, 0.569187581539154, 0.6318064332008362, 0.6944252848625183, 0.7570441365242004, 0.8196629881858826, 0.8822818398475647, 0.9449006915092468, 1.0075196027755737, 1.0701384544372559, 1.132757306098938, 1.1953761577606201, 1.2579950094223022, 1.3206138610839844, 1.3832327127456665, 1.4458515644073486, 1.5084704160690308, 1.571089267730713, 1.633708119392395, 1.6963269710540771, 1.7589459419250488, 1.821564793586731, 1.884183645248413, 1.9468023777008057, 2.0094213485717773, 2.07204008102417, 2.1346590518951416, 2.197277784347534, 2.259896755218506, 2.3225154876708984, 2.38513445854187, 2.4477531909942627, 2.5103721618652344, 2.572990894317627, 2.6356098651885986, 2.698228597640991, 2.760847568511963, 2.8234663009643555, 2.886085271835327, 2.948704242706299, 3.0113229751586914, 3.073941946029663, 3.1365606784820557, 3.1991796493530273, 3.26179838180542, 3.3244173526763916, 3.387036085128784, 3.449655055999756, 3.5122737884521484, 3.57489275932312, 3.6375114917755127, 3.7001304626464844, 3.762749195098877, 3.8253681659698486, 3.887986898422241, 3.950605869293213]}, "parameters/fc2.weight": {"_type": "histogram", "values": [2.0, 4.0, 9.0, 11.0, 7.0, 7.0, 5.0, 8.0, 12.0, 8.0, 12.0, 14.0, 10.0, 6.0, 6.0, 2.0, 8.0, 10.0, 5.0, 8.0, 4.0, 0.0, 0.0, 0.0, 0.0, 0.0, 0.0, 0.0, 0.0, 1.0, 1.0, 2.0, 3.0, 1.0, 6.0, 3.0, 4.0, 1.0, 5.0, 4.0, 5.0, 4.0, 8.0, 8.0, 9.0, 7.0, 3.0, 4.0, 9.0, 11.0, 2.0, 2.0, 1.0, 4.0, 2.0, 6.0, 1.0, 2.0, 1.0, 4.0, 1.0, 2.0, 0.0, 3.0], "bins": [-0.3430865705013275, -0.3131130635738373, -0.28313955664634705, -0.2531660497188568, -0.22319254279136658, -0.19321905076503754, -0.1632455438375473, -0.13327203691005707, -0.10329852998256683, -0.0733250230550766, -0.04335151985287666, -0.013378014788031578, 0.016595490276813507, 0.04656899720430374, 0.07654249668121338, 0.10651600360870361, 0.13648951053619385, 0.16646301746368408, 0.19643652439117432, 0.22641003131866455, 0.2563835382461548, 0.286357045173645, 0.31633055210113525, 0.3463040590286255, 0.3762775659561157, 0.40625104308128357, 0.4362245500087738, 0.46619805693626404, 0.4961715638637543, 0.5261451005935669, 0.5561186075210571, 0.5860921144485474, 0.6160655617713928, 0.6460390686988831, 0.6760125756263733, 0.7059860825538635, 0.7359595894813538, 0.765933096408844, 0.7959066033363342, 0.8258801102638245, 0.8558536171913147, 0.8858271241188049, 0.9158006310462952, 0.9457741379737854, 0.9757476449012756, 1.005721092224121, 1.0356945991516113, 1.0656681060791016, 1.0956416130065918, 1.125615119934082, 1.1555886268615723, 1.1855621337890625, 1.2155356407165527, 1.245509147644043, 1.2754826545715332, 1.3054561614990234, 1.3354296684265137, 1.365403175354004, 1.3953766822814941, 1.4253501892089844, 1.4553236961364746, 1.4852972030639648, 1.515270709991455, 1.5452442169189453, 1.5752177238464355]}, "parameters/fc2.bias": {"_type": "histogram", "values": [4.0, 1.0, 1.0, 2.0, 2.0, 1.0, 0.0, 0.0, 0.0, 0.0, 0.0, 0.0, 0.0, 0.0, 0.0, 0.0, 0.0, 0.0, 0.0, 0.0, 0.0, 0.0, 0.0, 0.0, 0.0, 0.0, 0.0, 0.0, 0.0, 0.0, 0.0, 0.0, 0.0, 0.0, 0.0, 0.0, 0.0, 0.0, 0.0, 0.0, 0.0, 0.0, 0.0, 0.0, 0.0, 0.0, 0.0, 0.0, 0.0, 0.0, 0.0, 0.0, 0.0, 0.0, 0.0, 0.0, 0.0, 1.0, 0.0, 1.0, 0.0, 4.0, 1.0, 6.0], "bins": [-0.3007056415081024, -0.23874472081661224, -0.17678380012512207, -0.1148228645324707, -0.05286194384098053, 0.009098980575799942, 0.07105990499258041, 0.13302083313465118, 0.19498175382614136, 0.2569426894187927, 0.3189035952091217, 0.38086453080177307, 0.44282543659210205, 0.5047863721847534, 0.5667473077774048, 0.6287082433700562, 0.6906691789627075, 0.7526300549507141, 0.8145909905433655, 0.8765519261360168, 0.9385128617286682, 1.0004737377166748, 1.0624346733093262, 1.1243956089019775, 1.186356544494629, 1.2483174800872803, 1.3102784156799316, 1.372239351272583, 1.4342002868652344, 1.4961612224578857, 1.5581220388412476, 1.620082974433899, 1.6820439100265503, 1.7440048456192017, 1.805965781211853, 1.8679267168045044, 1.9298876523971558, 1.9918485879898071, 2.053809404373169, 2.1157703399658203, 2.1777312755584717, 2.239692211151123, 2.3016531467437744, 2.363614082336426, 2.425575017929077, 2.4875359535217285, 2.54949688911438, 2.6114578247070312, 2.6734187602996826, 2.735379695892334, 2.7973406314849854, 2.8593015670776367, 2.921262502670288, 2.9832234382629395, 3.0451841354370117, 3.107145071029663, 3.1691060066223145, 3.231066942214966, 3.293027877807617, 3.3549888134002686, 3.41694974899292, 3.4789106845855713, 3.5408716201782227, 3.602832555770874, 3.6647934913635254]}, "parameters/fc3.weight": {"_type": "histogram", "values": [2.0, 0.0, 2.0, 2.0, 0.0, 1.0, 0.0, 0.0, 1.0, 0.0, 1.0, 0.0, 0.0, 2.0, 0.0, 0.0, 0.0, 0.0, 0.0, 0.0, 0.0, 0.0, 0.0, 0.0, 0.0, 0.0, 0.0, 0.0, 0.0, 0.0, 0.0, 0.0, 0.0, 0.0, 0.0, 0.0, 0.0, 0.0, 0.0, 0.0, 0.0, 0.0, 0.0, 0.0, 0.0, 0.0, 0.0, 0.0, 0.0, 1.0, 0.0, 0.0, 0.0, 2.0, 0.0, 1.0, 1.0, 3.0, 1.0, 1.0, 1.0, 1.0, 0.0, 1.0],