{"parameters/fc1.weight": {"_type": "histogram", "values": [3.0, 2.0, 1.0, 0.0, 0.0, 0.0, 0.0, 0.0, 2.0, 0.0, 0.0, 0.0, 0.0, 0.0, 0.0, 1.0, 0.0, 0.0, 0.0, 0.0, 0.0, 1.0, 0.0, 0.0, 0.0, 1.0, 0.0, 2.0, 1.0, 1.0, 0.0, 1.0, 0.0, 1.0, 0.0, 2.0, 1.0, 3.0, 21.0, 24.0, 26.0, 19.0, 15.0, 9.0, 7.0, 12.0, 9.0, 5.0, 6.0, 5.0, 4.0, 0.0, 1.0, 1.0, 1.0, 0.0, 2.0, 1.0, 0.0, 0.0, 0.0, 0.0, 0.0, 1.0], "bins": [-4.153748035430908, -4.0517096519470215, -3.9496710300445557, -3.84763240814209, -3.745594024658203, -3.6435554027557373, -3.5415167808532715, -3.4394783973693848, -3.337439775466919, -3.2354013919830322, -3.1333627700805664, -3.0313241481781006, -2.929285764694214, -2.827247142791748, -2.7252087593078613, -2.6231701374053955, -2.5211315155029297, -2.419093132019043, -2.317054510116577, -2.2150161266326904, -2.1129775047302246, -2.010939121246338, -1.908900499343872, -1.8068619966506958, -1.7048234939575195, -1.6027848720550537, -1.5007463693618774, -1.3987078666687012, -1.296669363975525, -1.1946308612823486, -1.0925922393798828, -0.9905537366867065, -0.8885152339935303, -0.786476731300354, -0.684438169002533, -0.5823996663093567, -0.48036113381385803, -0.3783226013183594, -0.2762840986251831, -0.17424556612968445, -0.07220703363418579, 0.02983149141073227, 0.13187001645565033, 0.2339085340499878, 0.33594706654548645, 0.4379855990409851, 0.5400241017341614, 0.6420626640319824, 0.7441011667251587, 0.846139669418335, 0.948178231716156, 1.050216794013977, 1.1522552967071533, 1.2542937994003296, 1.3563323020935059, 1.4583708047866821, 1.5604093074798584, 1.6624479293823242, 1.7644864320755005, 1.8665249347686768, 1.968563437461853, 2.0706019401550293, 2.172640562057495, 2.274678945541382, 2.3767175674438477]}, "_timestamp": 1714587116.1669548, "parameters/fc1.bias": {"_type": "histogram", "values": [1.0, 0.0, 0.0, 0.0, 1.0, 0.0, 0.0, 0.0, 1.0, 0.0, 0.0, 0.0, 0.0, 0.0, 0.0, 0.0, 0.0, 0.0, 0.0, 0.0, 0.0, 0.0, 0.0, 0.0, 0.0, 1.0, 0.0, 0.0, 0.0, 0.0, 0.0, 0.0, 1.0, 0.0, 0.0, 0.0, 0.0, 1.0, 0.0, 1.0, 1.0, 0.0, 0.0, 0.0, 0.0, 0.0, 0.0, 0.0, 0.0, 0.0, 0.0, 0.0, 0.0, 1.0, 2.0, 0.0, 0.0, 0.0, 0.0, 0.0, 0.0, 0.0, 0.0, 1.0], "bins": [-0.059690505266189575, -0.025345541536808014, 0.008999422192573547, 0.04334438592195511, 0.07768934965133667, 0.11203431338071823, 0.1463792771100998, 0.18072423338890076, 0.21506920456886292, 0.24941417574882507, 0.28375911712646484, 0.318104088306427, 0.35244905948638916, 0.3867940306663513, 0.4211390018463135, 0.45548394322395325, 0.4898289144039154, 0.5241738557815552, 0.5585188269615173, 0.5928637981414795, 0.6272087693214417, 0.6615537405014038, 0.695898711681366, 0.7302436828613281, 0.7645885944366455, 0.7989335656166077, 0.8332785367965698, 0.867623507976532, 0.9019684791564941, 0.9363134503364563, 0.9706584215164185, 1.0050033330917358, 1.0393483638763428, 1.0736932754516602, 1.108038306236267, 1.1423832178115845, 1.1767282485961914, 1.2110731601715088, 1.2454181909561157, 1.279763102531433, 1.31410813331604, 1.3484530448913574, 1.3827979564666748, 1.4171429872512817, 1.4514878988265991, 1.485832929611206, 1.5201778411865234, 1.5545228719711304, 1.5888677835464478, 1.6232126951217651, 1.657557725906372, 1.6919026374816895, 1.7262476682662964, 1.7605925798416138, 1.7949376106262207, 1.829282522201538, 1.8636274337768555, 1.8979724645614624, 1.9323173761367798, 1.9666624069213867, 2.001007318496704, 2.0353522300720215, 2.069697380065918, 2.1040422916412354, 2.1383872032165527]}, "parameters/fc2.weight": {"_type": "histogram", "values": [2.0, 1.0, 7.0, 9.0, 15.0, 23.0, 27.0, 14.0, 29.0, 34.0, 31.0, 22.0, 16.0, 9.0, 14.0, 9.0, 7.0, 3.0, 5.0, 2.0, 0.0, 1.0, 1.0, 0.0, 0.0, 0.0, 0.0, 0.0, 0.0, 0.0, 0.0, 0.0, 0.0, 0.0, 0.0, 1.0, 0.0, 0.0, 0.0, 0.0, 0.0, 0.0, 0.0, 1.0, 0.0, 0.0, 0.0, 0.0, 0.0, 0.0, 0.0, 0.0, 0.0, 1.0, 1.0, 0.0, 0.0, 1.0, 0.0, 0.0, 0.0, 1.0, 0.0, 1.0], "bins": [-0.5063377022743225, -0.43950319290161133, -0.37266871333122253, -0.30583423376083374, -0.23899972438812256, -0.17216522991657257, -0.10533073544502258, -0.038496240973472595, 0.028338253498077393, 0.09517274796962738, 0.16200724244117737, 0.22884173691272736, 0.29567623138427734, 0.3625107407569885, 0.4293452203273773, 0.4961796998977661, 0.5630142092704773, 0.6298487186431885, 0.6966831684112549, 0.7635176777839661, 0.8303521871566772, 0.8971866965293884, 0.9640212059020996, 1.030855655670166, 1.0976901054382324, 1.1645246744155884, 1.2313591241836548, 1.2981936931610107, 1.3650281429290771, 1.4318625926971436, 1.4986971616744995, 1.565531611442566, 1.6323661804199219, 1.6992006301879883, 1.7660351991653442, 1.8328696489334106, 1.8997042179107666, 1.966538667678833, 2.0333731174468994, 2.100207567214966, 2.1670422554016113, 2.2338767051696777, 2.300711154937744, 2.3675456047058105, 2.434380054473877, 2.5012145042419434, 2.568049192428589, 2.6348836421966553, 2.7017180919647217, 2.768552541732788, 2.8353869915008545, 2.9022216796875, 2.9690561294555664, 3.035890579223633, 3.102725028991699, 3.1695594787597656, 3.236393928527832, 3.3032286167144775, 3.370063066482544, 3.4368975162506104, 3.5037319660186768, 3.570566415786743, 3.6374011039733887, 3.704235553741455, 3.7710700035095215]}, "parameters/fc2.bias": {"_type": "histogram", "values": [1.0, 1.0, 0.0, 0.0, 1.0, 1.0, 6.0, 1.0, 6.0, 3.0, 0.0, 2.0, 0.0, 1.0, 0.0, 0.0, 0.0, 0.0, 0.0, 0.0, 0.0, 0.0, 0.0, 0.0, 0.0, 0.0, 0.0, 0.0, 0.0, 0.0, 0.0, 0.0, 0.0, 0.0, 0.0, 0.0, 0.0, 0.0, 0.0, 0.0, 0.0, 0.0, 0.0, 0.0, 0.0, 0.0, 0.0, 0.0, 0.0, 0.0, 0.0, 0.0, 0.0, 0.0, 0.0, 0.0, 0.0, 0.0, 0.0, 0.0, 0.0, 0.0, 0.0, 1.0], "bins": [-0.07543288916349411, 0.08165032416582108, 0.23873353004455566, 0.39581674337387085, 0.552899956703186, 0.7099831700325012, 0.8670663833618164, 1.0241496562957764, 1.1812328100204468, 1.3383160829544067, 1.4953992366790771, 1.652482509613037, 1.8095656633377075, 1.9666489362716675, 2.123732089996338, 2.280815362930298, 2.437898635864258, 2.5949816703796387, 2.7520649433135986, 2.9091482162475586, 3.0662314891815186, 3.2233145236968994, 3.3803977966308594, 3.5374810695648193, 3.6945643424987793, 3.85164737701416, 4.008730888366699, 4.16581392288208, 4.322896957397461, 4.47998046875, 4.637063503265381, 4.794146537780762, 4.951230049133301, 5.108313083648682, 5.265396595001221, 5.422479629516602, 5.579563140869141, 5.7366461753845215, 5.893729209899902, 6.050812721252441, 6.207895755767822, 6.364978790283203, 6.522062301635742, 6.679145336151123, 6.836228370666504, 6.993311882019043, 7.150394916534424, 7.307478427886963, 7.464561462402344, 7.621644496917725, 7.778728008270264, 7.9358110427856445, 8.092894554138184, 8.249977111816406, 8.407060623168945, 8.564144134521484, 8.721227645874023, 8.878310203552246, 9.035393714904785, 9.192477226257324, 9.349559783935547, 9.506643295288086, 9.663726806640625, 9.820809364318848, 9.977892875671387]}, "parameters/fc3.weight": {"_type": "histogram", "values": [8.0, 8.0, 9.0, 1.0, 0.0, 0.0, 0.0, 0.0, 0.0, 0.0, 0.0, 0.0, 0.0, 0.0, 0.0, 0.0, 0.0, 0.0, 0.0, 0.0, 0.0, 0.0, 0.0, 0.0, 0.0, 0.0, 0.0, 0.0, 0.0, 0.0, 0.0, 0.0, 0.0, 0.0, 0.0, 0.0, 0.0, 0.0, 1.0, 1.0, 1.0, 0.0, 0.0, 0.0, 0.0, 0.0, 0.0, 0.0, 0.0, 0.0, 1.0, 0.0, 0.0, 0.0, 1.0, 2.0, 4.0, 3.0, 2.0, 3.0, 0.0, 1.0, 0.0, 2.0],