{"parameters/graph_1fc1.weight": {"_type": "histogram", "values": [1.0, 0.0, 0.0, 0.0, 1.0, 0.0, 0.0, 1.0, 0.0, 1.0, 1.0, 2.0, 0.0, 0.0, 2.0, 2.0, 0.0, 1.0, 1.0, 1.0, 1.0, 2.0, 0.0, 0.0, 1.0, 0.0, 0.0, 1.0, 0.0, 0.0, 3.0, 1.0, 0.0, 0.0, 1.0, 2.0, 0.0, 0.0, 1.0, 0.0, 0.0, 0.0, 0.0, 0.0, 0.0, 0.0, 0.0, 0.0, 0.0, 0.0, 0.0, 0.0, 0.0, 2.0, 0.0, 1.0, 0.0, 0.0, 0.0, 1.0, 0.0, 0.0, 0.0, 1.0], "bins": [-0.227685809135437, -0.22091542184352875, -0.2141450196504593, -0.20737463235855103, -0.20060423016548157, -0.1938338428735733, -0.18706344068050385, -0.18029305338859558, -0.17352265119552612, -0.16675226390361786, -0.1599818766117096, -0.15321147441864014, -0.14644108712673187, -0.13967068493366241, -0.13290029764175415, -0.1261298954486847, -0.11935950815677643, -0.11258911341428757, -0.1058187186717987, -0.09904832392930984, -0.09227792918682098, -0.08550754189491272, -0.07873714715242386, -0.071966752409935, -0.06519635766744614, -0.058425962924957275, -0.051655568182468414, -0.04488517716526985, -0.03811478242278099, -0.03134438768029213, -0.024573994800448418, -0.017803601920604706, -0.011033207178115845, -0.004262813366949558, 0.002507580444216728, 0.009277974255383015, 0.0160483680665493, 0.022818762809038162, 0.029589155688881874, 0.036359548568725586, 0.04312994331121445, 0.04990033805370331, 0.05667073279619217, 0.06344112753868103, 0.0702115148305893, 0.07698190957307816, 0.08375230431556702, 0.09052269905805588, 0.09729309380054474, 0.1040634885430336, 0.11083388328552246, 0.11760427802801132, 0.12437467277050018, 0.13114506006240845, 0.1379154622554779, 0.14468584954738617, 0.15145623683929443, 0.1582266390323639, 0.16499702632427216, 0.1717674285173416, 0.17853781580924988, 0.18530821800231934, 0.1920786052942276, 0.19884900748729706, 0.20561939477920532]}, "_timestamp": 1714586757.7129486, "parameters/graph_1fc1.bias": {"_type": "histogram", "values": [1.0, 0.0, 0.0, 0.0, 0.0, 0.0, 0.0, 0.0, 0.0, 0.0, 0.0, 0.0, 0.0, 0.0, 0.0, 0.0, 0.0, 0.0, 0.0, 0.0, 0.0, 0.0, 0.0, 0.0, 0.0, 0.0, 0.0, 0.0, 0.0, 0.0, 0.0, 0.0, 0.0, 0.0, 0.0, 0.0, 0.0, 0.0, 0.0, 0.0, 0.0, 0.0, 0.0, 0.0, 0.0, 0.0, 0.0, 0.0, 0.0, 0.0, 0.0, 0.0, 0.0, 0.0, 0.0, 0.0, 0.0, 0.0, 0.0, 0.0, 0.0, 0.0, 0.0, 1.0], "bins": [-0.05735987424850464, -0.052747249603271484, -0.04813462495803833, -0.043522004038095474, -0.03890937939286232, -0.034296754747629166, -0.02968413196504116, -0.025071509182453156, -0.02045888453722, -0.015846259891986847, -0.011233637109398842, -0.006621013395488262, -0.0020083896815776825, 0.002604234032332897, 0.007216857746243477, 0.011829481460154057, 0.016442105174064636, 0.02105472981929779, 0.025667352601885796, 0.0302799753844738, 0.034892600029706955, 0.03950522467494011, 0.044117845594882965, 0.04873047024011612, 0.053343094885349274, 0.05795571953058243, 0.06256834417581558, 0.06718096882104874, 0.0717935860157013, 0.07640621066093445, 0.0810188353061676, 0.08563145995140076, 0.09024408459663391, 0.09485670924186707, 0.09946933388710022, 0.10408195853233337, 0.10869458317756653, 0.11330720037221909, 0.11791982501745224, 0.1225324496626854, 0.12714508175849915, 0.1317576915025711, 0.13637031614780426, 0.14098294079303741, 0.14559556543827057, 0.15020819008350372, 0.15482081472873688, 0.15943343937397003, 0.16404606401920319, 0.16865868866443634, 0.1732713133096695, 0.17788393795490265, 0.1824965626001358, 0.18710918724536896, 0.1917218118906021, 0.19633443653583527, 0.20094704627990723, 0.20555967092514038, 0.21017229557037354, 0.2147849202156067, 0.21939754486083984, 0.224010169506073, 0.22862279415130615, 0.2332354187965393, 0.23784804344177246]}, "parameters/graph_1fc2.weight": {"_type": "histogram", "values": [6.0, 8.0, 11.0, 12.0, 17.0, 5.0, 3.0, 13.0, 12.0, 9.0, 11.0, 15.0, 18.0, 7.0, 7.0, 9.0, 11.0, 10.0, 13.0, 8.0, 5.0, 2.0, 3.0, 4.0, 3.0, 4.0, 4.0, 5.0, 2.0, 4.0, 3.0, 3.0, 2.0, 5.0, 2.0, 3.0, 4.0, 3.0, 3.0, 3.0, 2.0, 3.0, 3.0, 1.0, 1.0, 1.0, 0.0, 2.0, 0.0, 1.0, 0.0, 0.0, 0.0, 1.0, 0.0, 0.0, 0.0, 0.0, 0.0, 0.0, 0.0, 0.0, 0.0, 1.0], "bins": [-0.3033182919025421, -0.2736070156097412, -0.2438957691192627, -0.21418450772762299, -0.18447324633598328, -0.15476197004318237, -0.12505070865154266, -0.09533944725990295, -0.06562818586826324, -0.035916924476623535, -0.006205659359693527, 0.02350560389459133, 0.05321686714887619, 0.0829281285405159, 0.1126393973827362, 0.14235065877437592, 0.17206192016601562, 0.20177318155765533, 0.23148444294929504, 0.26119571924209595, 0.29090696573257446, 0.32061824202537537, 0.3503294885158539, 0.3800407648086548, 0.4097520112991333, 0.4394632875919342, 0.4691745638847351, 0.4988858103752136, 0.5285970568656921, 0.5583083629608154, 0.588019609451294, 0.6177308559417725, 0.6474421620368958, 0.6771534085273743, 0.7068647146224976, 0.7365759611129761, 0.7662872076034546, 0.7959984540939331, 0.8257097601890564, 0.8554210066795349, 0.8851322531700134, 0.9148435592651367, 0.9445548057556152, 0.9742660522460938, 1.0039772987365723, 1.0336885452270508, 1.0633997917175293, 1.0931111574172974, 1.1228224039077759, 1.1525336503982544, 1.182244896888733, 1.2119561433792114, 1.24166738986969, 1.2713786363601685, 1.3010900020599365, 1.330801248550415, 1.3605124950408936, 1.390223741531372, 1.4199349880218506, 1.449646234512329, 1.4793574810028076, 1.5090688467025757, 1.5387800931930542, 1.5684913396835327, 1.5982025861740112]}, "parameters/graph_1fc2.bias": {"_type": "histogram", "values": [1.0, 1.0, 0.0, 1.0, 0.0, 0.0, 0.0, 0.0, 1.0, 1.0, 0.0, 0.0, 0.0, 0.0, 0.0, 1.0, 0.0, 0.0, 0.0, 0.0, 0.0, 0.0, 0.0, 2.0, 1.0, 2.0, 2.0, 1.0, 1.0, 0.0, 0.0, 1.0, 0.0, 0.0, 0.0, 0.0, 1.0, 0.0, 0.0, 0.0, 2.0, 1.0, 1.0, 1.0, 0.0, 0.0, 0.0, 1.0, 0.0, 0.0, 0.0, 0.0, 0.0, 0.0, 0.0, 0.0, 0.0, 0.0, 0.0, 0.0, 0.0, 0.0, 0.0, 1.0], "bins": [-0.2888360917568207, -0.27568137645721436, -0.26252666115760803, -0.2493719607591629, -0.23621726036071777, -0.22306254506111145, -0.20990782976150513, -0.19675312936306, -0.18359841406345367, -0.17044369876384735, -0.15728899836540222, -0.1441342830657959, -0.13097956776618958, -0.11782486736774445, -0.10467015206813812, -0.0915154442191124, -0.07836073637008667, -0.06520602852106094, -0.05205131694674492, -0.038896605372428894, -0.025741897523403168, -0.012587187811732292, 0.0005675218999385834, 0.013722231611609459, 0.026876941323280334, 0.04003164917230606, 0.053186360746622086, 0.06634107232093811, 0.07949578016996384, 0.09265048801898956, 0.10580520331859589, 0.11895991116762161, 0.13211458921432495, 0.14526930451393127, 0.1584240049123764, 0.17157872021198273, 0.18473342061042786, 0.19788813591003418, 0.2110428512096405, 0.22419755160808563, 0.23735226690769196, 0.2505069673061371, 0.2636616826057434, 0.27681639790534973, 0.28997111320495605, 0.3031258285045624, 0.3162805140018463, 0.32943522930145264, 0.34258994460105896, 0.3557446599006653, 0.3688993752002716, 0.38205406069755554, 0.39520877599716187, 0.4083634912967682, 0.4215182065963745, 0.43467292189598083, 0.44782763719558716, 0.4609823226928711, 0.4741370379924774, 0.48729175329208374, 0.5004464387893677, 0.5136011838912964, 0.5267558693885803, 0.539910614490509, 0.553065299987793]}, "parameters/graph_1fc3.weight": {"_type": "histogram", "values": [4.0, 2.0, 4.0, 2.0, 4.0, 0.0, 2.0, 0.0, 0.0, 3.0, 4.0, 1.0, 4.0, 0.0, 0.0, 0.0, 0.0, 0.0, 0.0, 0.0, 0.0, 0.0, 0.0, 0.0, 0.0, 0.0, 0.0, 0.0, 0.0, 0.0, 0.0, 1.0, 0.0, 0.0, 0.0, 0.0, 0.0, 0.0, 1.0, 0.0, 0.0, 0.0, 2.0, 0.0, 2.0, 0.0, 0.0, 1.0, 0.0, 0.0, 0.0, 1.0, 0.0, 1.0, 1.0, 1.0, 2.0, 0.0, 2.0, 0.0, 2.0, 0.0, 0.0, 1.0],